{"cameraMode":{"drawMode":0,"name":"Shaded","section":"Shading Mode"},"sceneLighting":true,"audioPlay":false,"sceneViewState":{"showFog":true,"showMaterialUpdate":false,"showSkybox":true,"showFlares":true,"showImageEffects":true,"showParticleSystems":false},"in2DMode":false,"pivot":{"x":347.78009033203127,"y":200.97747802734376,"z":242.69395446777345},"rotation":{"x":-0.15597480535507203,"y":-0.3608896732330322,"z":0.061218827962875369,"w":-0.9175466299057007},"size":111.09221649169922,"orthographic":false}