{"cameraMode":{"drawMode":0,"name":"Shaded","section":"Shading Mode"},"sceneLighting":false,"audioPlay":false,"sceneViewState":{"showFog":true,"showMaterialUpdate":false,"showSkybox":false,"showFlares":true,"showImageEffects":true,"showParticleSystems":false},"in2DMode":false,"pivot":{"x":-1.6880937814712525,"y":6.9363226890563969,"z":-3.75054669380188},"rotation":{"x":-0.00101099768653512,"y":0.9976103901863098,"z":-0.0674411803483963,"w":-0.0149556128308177},"size":15.190146446228028,"orthographic":true}