{"cameraMode":{"drawMode":0,"name":"Shaded","section":"Shading Mode"},"sceneLighting":false,"audioPlay":false,"sceneViewState":{"showFog":true,"showMaterialUpdate":false,"showSkybox":false,"showFlares":true,"showImageEffects":true,"showParticleSystems":false},"in2DMode":false,"pivot":{"x":-0.3952798843383789,"y":101.03231811523438,"z":0.2649211883544922},"rotation":{"x":-0.0884457677602768,"y":0.31388282775878909,"z":-0.02939159981906414,"w":-0.9449028968811035},"size":20.116548538208009,"orthographic":false}